<?xml version="1.0" encoding="UTF-8"?>
<beans xmlns="http://www.springframework.org/schema/beans"
    xmlns:xsi="http://www.w3.org/2001/XMLSchema-instance" xmlns:context="http://www.springframework.org/schema/context"
    xsi:schemaLocation="http://www.springframework.org/schema/beans 
    http://www.springframework.org/schema/beans/spring-beans.xsd 
    http://www.springframework.org/schema/context 
    http://www.springframework.org/schema/context/spring-context.xsd">
    
    
    <context:component-scan base-package="com.capgemini.springcoreassign"></context:component-scan>
    
    <bean id="userbean" class="com.capgemini.springcoreassign.bean.UserBean">
    <property name="id" value="30"></property>
    <property name="name" value="pranitha"></property>
    </bean>
    
    <bean id="messagebean" class="com.capgemini.springcoreassign.bean.MessageBean" scope="singleton" init-method="init" destroy-method="destroy">
    <property name="id" value="67"></property>
   	
    <property name="userbean" ref="userbean"></property>
    </bean>
    </beans>